[null,{"name":"autoActivity","temp":"","event-type":"1","actions":[{"dataName":"botActivity","defaultVal":"\"Use the setActivity command\"","storage":"1","varName":"botActivity","name":"Store Global Data"},{"activity":"0","nameText":"${tempVars(\"botActivity\")}","url":"","stat":"0","name":"Set Bot Activity"}],"_id":"ggZYh"},{"name":"welcomeMessage","temp":"user","event-type":"6","actions":[{"server":"0","varName":"","dataName":"welcomechannel","defaultVal":"0","storage":"1","varName2":"channel","name":"Store Server Data"},{"server":"0","varName":"","dataName":"welcomeMessage","defaultVal":"Welcome, ${tempVars(\"user\")}","storage":"1","varName2":"message","name":"Store Server Data"},{"server":"0","varName":"","dataName":"embedColor","defaultVal":"#3c51ff","storage":"1","varName2":"hex","name":"Store Server Data"},{"server":"0","varName":"","info":"2","storage":"1","varName2":"servername","name":"Store Server Info"},{"server":"0","varName":"","info":"5","storage":"1","varName2":"servericon","name":"Store Server Info"},{"member":"2","varName":"user","info":"18","storage":"1","varName2":"memberTag","name":"Store Member Info"},{"info":"0","find":"${tempVars(\"channel\")}","storage":"1","varName":"welcomechannel","name":"Find Channel"},{"title":"Welcome ${tempVars(\"memberTag\")}!","author":"","color":"${tempVars(\"hex\")}","timestamp":"true","url":"","authorIcon":"","imageUrl":"","thumbUrl":"","storage":"1","varName":"welcome","name":"Create Embed Message"},{"storage":"1","varName":"welcome","message":"${tempVars(\"message\")}","name":"Set Embed Description"},{"storage":"1","varName":"welcome","message":"${tempVars(\"servername\")}","footerIcon":"${tempVars(\"servericon\")}","name":"Set Embed Footer"},{"storage":"1","varName":"welcome","channel":"5","varName2":"welcomechannel","storage3":"0","varName3":"","name":"Send Embed Message"}],"_id":"gkBEU"},{"name":"goodbyeMessage","temp":"user","event-type":"7","actions":[{"server":"0","varName":"","dataName":"welcomechannel","defaultVal":"0","storage":"1","varName2":"channel","name":"Store Server Data"},{"server":"0","varName":"","dataName":"goodbyeMessage","defaultVal":"Goodbye, ${tempVars(\"membertag\")}","storage":"1","varName2":"message","name":"Store Server Data"},{"server":"0","varName":"","dataName":"embedColor","defaultVal":"#3c51ff","storage":"1","varName2":"hex","name":"Store Server Data"},{"member":"2","varName":"user","info":"18","storage":"1","varName2":"membertag","name":"Store Member Info"},{"server":"0","varName":"","info":"2","storage":"1","varName2":"servername","name":"Store Server Info"},{"server":"0","varName":"","info":"5","storage":"1","varName2":"servericon","name":"Store Server Info"},{"info":"0","find":"${tempVars(\"channel\")}","storage":"1","varName":"goodbyechannel","name":"Find Channel"},{"title":"Goodbye ${tempVars(\"membertag\")}!","author":"","color":"${tempVars(\"hex\")}","timestamp":"true","url":"","authorIcon":"","imageUrl":"","thumbUrl":"","storage":"1","varName":"goodbyeembed","name":"Create Embed Message"},{"storage":"1","varName":"goodbyeembed","message":"${tempVars(\"message\")}","name":"Set Embed Description"},{"storage":"1","varName":"goodbyeembed","message":"${tempVars(\"servername\")}","footerIcon":"${tempVars(\"servericon\")}","name":"Set Embed Footer"},{"storage":"1","varName":"goodbyeembed","channel":"5","varName2":"goodbyechannel","storage3":"0","varName3":"","name":"Send Embed Message"}],"_id":"Nkxue"},{"name":"welcomeDM","temp":"member","event-type":"6","_id":"KoGjo","actions":[{"server":"0","varName":"","dataName":"welcomeDM","comparison":"1","value":"\"on\"","iftrue":"0","iftrueVal":"","iffalse":"1","iffalseVal":"","name":"Check Server Data"},{"server":"0","varName":"","dataName":"welcomeDMMessage","defaultVal":"\"Get your own free bot like this one at https://discord.gg/vgPEmsv\"","storage":"1","varName2":"message","name":"Store Server Data"},{"server":"0","varName":"","info":"2","storage":"1","varName2":"serverName","name":"Store Server Info"},{"channel":"5","varName":"member","message":"Hey ${tempVars(\"member\")}, welcome to **${tempVars(\"serverName\")}** :tada:\n\n${tempVars(\"message\")}","storage":"0","varName2":"","iffalse":"0","iffalseVal":"","name":"Send Message"}]},{"name":"[Verify] Clean Channel","temp":"message","event-type":"2","_id":"mOHJg","actions":[{"message":"1","varName":"message","info":"4","storage":"1","varName2":"message-channel","name":"Store Message Info"},{"storage":"1","varName":"message-channel","comparison":"1","value":"serverVars(\"verify-channel\")","iftrue":"0","iftrueVal":"","iffalse":"1","iffalseVal":"","name":"Check Variable"},{"server":"0","varName":"","storage":"1","varName2":"bot-member","name":"Get Bot as Member"},{"message":"1","varName":"message","info":"3","storage":"1","varName2":"message-author","name":"Store Message Info"},{"storage":"1","varName":"message-author","comparison":"1","value":"tempVars(\"bot\")","iftrue":"1","iftrueVal":"","iffalse":"0","iffalseVal":"","name":"Check Variable"},{"time":"6","measurement":"1","name":"Wait"},{"storage":"1","varName":"message","name":"Delete Message"}]}]